[{"model": "auth.permission", "pk": 1, "fields": {"name": "Can add log entry", "content_type": 1, "codename": "add_logentry"}}, {"model": "auth.permission", "pk": 2, "fields": {"name": "Can change log entry", "content_type": 1, "codename": "change_logentry"}}, {"model": "auth.permission", "pk": 3, "fields": {"name": "Can delete log entry", "content_type": 1, "codename": "delete_logentry"}}, {"model": "auth.permission", "pk": 4, "fields": {"name": "Can view log entry", "content_type": 1, "codename": "view_logentry"}}, {"model": "auth.permission", "pk": 5, "fields": {"name": "Can add permission", "content_type": 2, "codename": "add_permission"}}, {"model": "auth.permission", "pk": 6, "fields": {"name": "Can change permission", "content_type": 2, "codename": "change_permission"}}, {"model": "auth.permission", "pk": 7, "fields": {"name": "Can delete permission", "content_type": 2, "codename": "delete_permission"}}, {"model": "auth.permission", "pk": 8, "fields": {"name": "Can view permission", "content_type": 2, "codename": "view_permission"}}, {"model": "auth.permission", "pk": 9, "fields": {"name": "Can add group", "content_type": 3, "codename": "add_group"}}, {"model": "auth.permission", "pk": 10, "fields": {"name": "Can change group", "content_type": 3, "codename": "change_group"}}, {"model": "auth.permission", "pk": 11, "fields": {"name": "Can delete group", "content_type": 3, "codename": "delete_group"}}, {"model": "auth.permission", "pk": 12, "fields": {"name": "Can view group", "content_type": 3, "codename": "view_group"}}, {"model": "auth.permission", "pk": 13, "fields": {"name": "Can add user", "content_type": 4, "codename": "add_user"}}, {"model": "auth.permission", "pk": 14, "fields": {"name": "Can change user", "content_type": 4, "codename": "change_user"}}, {"model": "auth.permission", "pk": 15, "fields": {"name": "Can delete user", "content_type": 4, "codename": "delete_user"}}, {"model": "auth.permission", "pk": 16, "fields": {"name": "Can view user", "content_type": 4, "codename": "view_user"}}, {"model": "auth.permission", "pk": 17, "fields": {"name": "Can add content type", "content_type": 5, "codename": "add_contenttype"}}, {"model": "auth.permission", "pk": 18, "fields": {"name": "Can change content type", "content_type": 5, "codename": "change_contenttype"}}, {"model": "auth.permission", "pk": 19, "fields": {"name": "Can delete content type", "content_type": 5, "codename": "delete_contenttype"}}, {"model": "auth.permission", "pk": 20, "fields": {"name": "Can view content type", "content_type": 5, "codename": "view_contenttype"}}, {"model": "auth.permission", "pk": 21, "fields": {"name": "Can add session", "content_type": 6, "codename": "add_session"}}, {"model": "auth.permission", "pk": 22, "fields": {"name": "Can change session", "content_type": 6, "codename": "change_session"}}, {"model": "auth.permission", "pk": 23, "fields": {"name": "Can delete session", "content_type": 6, "codename": "delete_session"}}, {"model": "auth.permission", "pk": 24, "fields": {"name": "Can view session", "content_type": 6, "codename": "view_session"}}, {"model": "auth.permission", "pk": 25, "fields": {"name": "Can add alumnos", "content_type": 7, "codename": "add_alumnos"}}, {"model": "auth.permission", "pk": 26, "fields": {"name": "Can change alumnos", "content_type": 7, "codename": "change_alumnos"}}, {"model": "auth.permission", "pk": 27, "fields": {"name": "Can delete alumnos", "content_type": 7, "codename": "delete_alumnos"}}, {"model": "auth.permission", "pk": 28, "fields": {"name": "Can view alumnos", "content_type": 7, "codename": "view_alumnos"}}, {"model": "auth.permission", "pk": 29, "fields": {"name": "Can add inasistencias", "content_type": 8, "codename": "add_inasistencias"}}, {"model": "auth.permission", "pk": 30, "fields": {"name": "Can change inasistencias", "content_type": 8, "codename": "change_inasistencias"}}, {"model": "auth.permission", "pk": 31, "fields": {"name": "Can delete inasistencias", "content_type": 8, "codename": "delete_inasistencias"}}, {"model": "auth.permission", "pk": 32, "fields": {"name": "Can view inasistencias", "content_type": 8, "codename": "view_inasistencias"}}, {"model": "auth.permission", "pk": 33, "fields": {"name": "Can add cursos", "content_type": 9, "codename": "add_cursos"}}, {"model": "auth.permission", "pk": 34, "fields": {"name": "Can change cursos", "content_type": 9, "codename": "change_cursos"}}, {"model": "auth.permission", "pk": 35, "fields": {"name": "Can delete cursos", "content_type": 9, "codename": "delete_cursos"}}, {"model": "auth.permission", "pk": 36, "fields": {"name": "Can view cursos", "content_type": 9, "codename": "view_cursos"}}, {"model": "auth.permission", "pk": 37, "fields": {"name": "Can add alumnos picture", "content_type": 10, "codename": "add_alumnospicture"}}, {"model": "auth.permission", "pk": 38, "fields": {"name": "Can change alumnos picture", "content_type": 10, "codename": "change_alumnospicture"}}, {"model": "auth.permission", "pk": 39, "fields": {"name": "Can delete alumnos picture", "content_type": 10, "codename": "delete_alumnospicture"}}, {"model": "auth.permission", "pk": 40, "fields": {"name": "Can view alumnos picture", "content_type": 10, "codename": "view_alumnospicture"}}, {"model": "auth.group", "pk": 1, "fields": {"name": "Alumnos", "permissions": [28, 32]}}, {"model": "auth.user", "pk": 1, "fields": {"password": "pbkdf2_sha256$390000$qAEpGVH5pgJ094B83ToAWh$vw9K1NSiCJGcV4b6cyeSNPPgLBX9wKVI78mnDNXsZ00=", "last_login": "2023-01-18T13:40:39.570Z", "is_superuser": true, "username": "admin", "first_name": "", "last_name": "", "email": "maxiarceci@gmail.com", "is_staff": true, "is_active": true, "date_joined": "2022-12-26T04:37:05.623Z", "groups": [], "user_permissions": []}}, {"model": "auth.user", "pk": 2, "fields": {"password": "pbkdf2_sha256$390000$IXyuEUZZB4v5qdMN6612tZ$EwVsPW60W2uD1vb08BACZrLtZiWoPDpkyF/qYmf1i1g=", "last_login": "2022-12-30T05:08:23.263Z", "is_superuser": false, "username": "Bilardo_Pedro", "first_name": "", "last_name": "", "email": "", "is_staff": true, "is_active": true, "date_joined": "2022-12-30T04:34:28Z", "groups": [1], "user_permissions": []}}, {"model": "auth.user", "pk": 9, "fields": {"password": "pbkdf2_sha256$390000$GogDbFbexcNgn3MFJuG21y$F7keu+/bsoTbmpWglLniXEol3TAs4qOH+mbyIyaZSpY=", "last_login": null, "is_superuser": false, "username": "asdada_asdadsas", "first_name": "", "last_name": "", "email": "", "is_staff": false, "is_active": true, "date_joined": "2022-12-30T16:33:04.370Z", "groups": [], "user_permissions": []}}, {"model": "auth.user", "pk": 11, "fields": {"password": "pbkdf2_sha256$390000$WcpZtH7myRtaAzYAOphdhK$pCvKmVsGpaJioK/Pi+ooX8OaPlMOrOiUndTafLoSSyc=", "last_login": null, "is_superuser": false, "username": "Mujillo_Eduardo", "first_name": "", "last_name": "", "email": "", "is_staff": false, "is_active": true, "date_joined": "2022-12-30T19:27:38.231Z", "groups": [], "user_permissions": []}}, {"model": "auth.user", "pk": 12, "fields": {"password": "pbkdf2_sha256$390000$aVFSrth17kA77tbpD0c7L1$xLsMlkMYIAsB5HKKC9jFutNypX+8cHO508gTOlvXSHQ=", "last_login": null, "is_superuser": false, "username": "Morales_Sebastian", "first_name": "", "last_name": "", "email": "", "is_staff": false, "is_active": true, "date_joined": "2022-12-30T19:49:15.686Z", "groups": [1], "user_permissions": []}}, {"model": "auth.user", "pk": 14, "fields": {"password": "pbkdf2_sha256$390000$hIOqL7nQlHs8RzhZ9qqgMt$5ENY1tHVWPotkylWBSfaA8fl4dYAOS15okcIurCtRLA=", "last_login": null, "is_superuser": false, "username": "Socoboche_Esteban", "first_name": "", "last_name": "", "email": "", "is_staff": false, "is_active": true, "date_joined": "2022-12-31T19:07:33.526Z", "groups": [1], "user_permissions": []}}, {"model": "auth.user", "pk": 16, "fields": {"password": "pbkdf2_sha256$390000$2ODdCEp57APAQBmoR2aAOv$YDWMTBsHONDxNIEW2DHZ5j8//VymZnB2jrU+Eh0mmG8=", "last_login": null, "is_superuser": false, "username": "Sabelli_mateo", "first_name": "", "last_name": "", "email": "", "is_staff": false, "is_active": true, "date_joined": "2023-01-02T03:40:42.556Z", "groups": [1], "user_permissions": []}}, {"model": "auth.user", "pk": 17, "fields": {"password": "pbkdf2_sha256$390000$8ABcUIx3OTLTyf3oMdxiL6$oGI+3eWuLBseI5Wpo8fv4XODNbBVmLq2sjsEublBPx8=", "last_login": null, "is_superuser": false, "username": "Banzas_Gonzalo", "first_name": "", "last_name": "", "email": "", "is_staff": false, "is_active": true, "date_joined": "2023-01-02T03:41:52.190Z", "groups": [1], "user_permissions": []}}, {"model": "auth.user", "pk": 18, "fields": {"password": "pbkdf2_sha256$390000$oUm3jSooOLPitIYMEqjJne$aT+d0p3NvZvbRmbMgBTgTpUAM5ZCAIOEAi+cvmq/V2w=", "last_login": null, "is_superuser": false, "username": "sdasddsa_adsasdasd", "first_name": "", "last_name": "", "email": "", "is_staff": false, "is_active": true, "date_joined": "2023-01-02T15:55:25.572Z", "groups": [1], "user_permissions": []}}, {"model": "auth.user", "pk": 19, "fields": {"password": "pbkdf2_sha256$390000$eKT9RefWdCZQVZK2svTt9v$vjiHsKNYOwRwh++D4KJSJ7o4RUZPi8EW0/8dXQUFt6o=", "last_login": null, "is_superuser": false, "username": "gdfgfdg_tytreyt", "first_name": "", "last_name": "", "email": "", "is_staff": false, "is_active": true, "date_joined": "2023-01-02T15:57:23.581Z", "groups": [1], "user_permissions": []}}, {"model": "auth.user", "pk": 20, "fields": {"password": "pbkdf2_sha256$390000$faiIIe0qbJV4GTsrm7OGkD$9FUZyG3+K6nKQMRHYNWjzkmn2G23mRgBHgcVzJzZxiw=", "last_login": null, "is_superuser": false, "username": "fsdfdsfds_fddfdf<d<f", "first_name": "", "last_name": "", "email": "", "is_staff": false, "is_active": true, "date_joined": "2023-01-02T16:03:30.073Z", "groups": [1], "user_permissions": []}}, {"model": "auth.user", "pk": 21, "fields": {"password": "pbkdf2_sha256$390000$0BLDbrIAKh0xdnfVU1QxTn$PZu9oXSoyVY6Q6SD8WIJ0yrC2g8CkYdLyBd6Klkwwk0=", "last_login": null, "is_superuser": false, "username": "fsdfsdfsd_fsdfdsfds", "first_name": "", "last_name": "", "email": "", "is_staff": false, "is_active": true, "date_joined": "2023-01-02T19:22:50.083Z", "groups": [1], "user_permissions": []}}, {"model": "auth.user", "pk": 22, "fields": {"password": "pbkdf2_sha256$390000$8nDWsGWbmvHFxrPebGjJcL$kVCh7b1Uqa6dADTche1UTc9hTxMYuzRRtBDwqK+3zVI=", "last_login": null, "is_superuser": false, "username": "asdasda_adsadssad", "first_name": "", "last_name": "", "email": "", "is_staff": false, "is_active": true, "date_joined": "2023-01-02T19:50:39.670Z", "groups": [1], "user_permissions": []}}, {"model": "auth.user", "pk": 23, "fields": {"password": "pbkdf2_sha256$390000$gILHU0k2qQmudshWOTAnNl$kasp+YWWFJuKMefBvWbAnlCbCKUOihPxdvUtRA+v8Uo=", "last_login": null, "is_superuser": false, "username": "Ramadori_Fernando", "first_name": "", "last_name": "", "email": "", "is_staff": false, "is_active": true, "date_joined": "2023-01-04T12:42:09.114Z", "groups": [1], "user_permissions": []}}, {"model": "auth.user", "pk": 24, "fields": {"password": "pbkdf2_sha256$390000$BpsW2TO5YhieyGvnos76bp$nOdX1mQ8b9KHj6QGz9X5nW/PplEyC35MqaNiwgqFBfE=", "last_login": null, "is_superuser": false, "username": "Cohen_Fernanda", "first_name": "", "last_name": "", "email": "", "is_staff": false, "is_active": true, "date_joined": "2023-01-04T13:07:40.102Z", "groups": [1], "user_permissions": []}}, {"model": "auth.user", "pk": 25, "fields": {"password": "pbkdf2_sha256$390000$59D3QKPvJpD4TG5Is6qUPI$LnU27DEhL/LlYAeQ5cu63o7VNQMOjLco0iF4pC5j/4Y=", "last_login": null, "is_superuser": false, "username": "fsdfdsfds<fds<fsd<_sfd<sdffsd", "first_name": "", "last_name": "", "email": "", "is_staff": false, "is_active": true, "date_joined": "2023-01-04T13:28:01.353Z", "groups": [1], "user_permissions": []}}, {"model": "auth.user", "pk": 26, "fields": {"password": "pbkdf2_sha256$390000$ybccQPkW5woFAECF4ffzSP$qlpEina0HJPe9o8TdDUCpRCzFNYdRyVFp4TbDp399QE=", "last_login": null, "is_superuser": false, "username": "sduojfndsjfnbfsd_hghsgghfhdgsfhdghgd", "first_name": "", "last_name": "", "email": "", "is_staff": false, "is_active": true, "date_joined": "2023-01-04T13:34:13.880Z", "groups": [1], "user_permissions": []}}, {"model": "auth.user", "pk": 27, "fields": {"password": "pbkdf2_sha256$390000$dykrHWPhnwg8HNSQoL1rmC$9E5497u0JDb3SUY3/sN0xCdv23wfVzVJH+nukuMiaYE=", "last_login": null, "is_superuser": false, "username": "cid_mateo", "first_name": "", "last_name": "", "email": "", "is_staff": false, "is_active": true, "date_joined": "2023-01-04T13:36:07.683Z", "groups": [1], "user_permissions": []}}, {"model": "auth.user", "pk": 28, "fields": {"password": "pbkdf2_sha256$390000$W1NWB9PvuWbFKAyNoT73ij$Z6QUcPOsz9ROhMFEs/75Gh8E9xv9MTFHiaC9SiOXk8o=", "last_login": null, "is_superuser": false, "username": "sdqw_ASD", "first_name": "", "last_name": "", "email": "", "is_staff": false, "is_active": true, "date_joined": "2023-01-04T15:03:03.691Z", "groups": [1], "user_permissions": []}}, {"model": "auth.user", "pk": 29, "fields": {"password": "pbkdf2_sha256$390000$cS2xUVh3kBD4tdpZP3eNCI$kt/rVHRRQ+DNkbpq6ZDVSTYZBTrj2Bl1pe7aQqcPJug=", "last_login": null, "is_superuser": false, "username": "jkljli_jkhjlkj", "first_name": "", "last_name": "", "email": "", "is_staff": false, "is_active": true, "date_joined": "2023-01-04T15:06:09.175Z", "groups": [1], "user_permissions": []}}, {"model": "auth.user", "pk": 30, "fields": {"password": "pbkdf2_sha256$390000$g8wccOBOO5sTu0rNhIH9xt$/zK7AsoB4GOYgWwUIeoJvH2MjfgqDOQMx0cyPHcL0Fw=", "last_login": null, "is_superuser": false, "username": "fsdfdfds_fdfsd", "first_name": "", "last_name": "", "email": "", "is_staff": false, "is_active": true, "date_joined": "2023-01-04T15:08:46.096Z", "groups": [1], "user_permissions": []}}, {"model": "auth.user", "pk": 31, "fields": {"password": "pbkdf2_sha256$390000$39UYfmVzqrYeBR1qrVQ74J$l1qEhM85cIBQufSGpXDjYlUBwMYr/qOLqYGJUUOlQ/s=", "last_login": null, "is_superuser": false, "username": "garegdrfgeszrfd_dhjdhdhdoaosaa", "first_name": "", "last_name": "", "email": "", "is_staff": false, "is_active": true, "date_joined": "2023-01-04T15:10:47.822Z", "groups": [1], "user_permissions": []}}, {"model": "auth.user", "pk": 32, "fields": {"password": "pbkdf2_sha256$390000$4kTJggU4JNgO9Yxw3WvLPy$9VP8Mw3sgM0slfYyhI0trvBP1MaW5pw3e90Q2ql6L0A=", "last_login": null, "is_superuser": false, "username": "ssasda_sadasdas", "first_name": "", "last_name": "", "email": "", "is_staff": false, "is_active": true, "date_joined": "2023-01-04T15:22:31.971Z", "groups": [1], "user_permissions": []}}, {"model": "auth.user", "pk": 33, "fields": {"password": "pbkdf2_sha256$390000$EPCv3lwpjK7Zjpq0FDSKKu$kslQq8J8eHZ98LlKmqquTPl+nX/kbcKMD+we/2sUCH8=", "last_login": null, "is_superuser": false, "username": "dafdsafss_fddsa", "first_name": "", "last_name": "", "email": "", "is_staff": false, "is_active": true, "date_joined": "2023-01-04T15:24:37.862Z", "groups": [1], "user_permissions": []}}, {"model": "auth.user", "pk": 34, "fields": {"password": "pbkdf2_sha256$390000$jIEtvNn1FA306huJxZfJi1$FE/1jviL1U4Ddkmo4uUCM7tXiGTQBDir2iKf0iUJ7AY=", "last_login": null, "is_superuser": false, "username": "Martinez_Lisandro", "first_name": "", "last_name": "", "email": "", "is_staff": false, "is_active": true, "date_joined": "2023-01-05T15:09:49.777Z", "groups": [1], "user_permissions": []}}, {"model": "auth.user", "pk": 36, "fields": {"password": "pbkdf2_sha256$390000$syV6Rw48Iea52PsDdky3PE$evcYXDns6JAjwXjeI0s0Afz8wokVzsprBlL7gQEOns4=", "last_login": null, "is_superuser": false, "username": "Alvarez Arceci_Maximo", "first_name": "", "last_name": "", "email": "", "is_staff": false, "is_active": true, "date_joined": "2023-01-05T16:21:12.725Z", "groups": [1], "user_permissions": []}}, {"model": "auth.user", "pk": 37, "fields": {"password": "pbkdf2_sha256$390000$NraPY2RBwUhRsnkuThxEXe$Qp7VEWEaIY6Y8rj045kyJIgpJPW3ba7K6UuFVJmzABg=", "last_login": null, "is_superuser": false, "username": "testt_mateo", "first_name": "", "last_name": "", "email": "", "is_staff": false, "is_active": true, "date_joined": "2023-01-05T16:34:44.952Z", "groups": [1], "user_permissions": []}}, {"model": "auth.user", "pk": 39, "fields": {"password": "pbkdf2_sha256$390000$SdQE83PcPKQMpzWZXUMFLu$JMg3xALkmXOebburVsrqpMdFZLGzXLfYlEU9GXN8vPw=", "last_login": null, "is_superuser": false, "username": "Arceci_manuelita", "first_name": "", "last_name": "", "email": "", "is_staff": false, "is_active": true, "date_joined": "2023-01-06T13:18:53.236Z", "groups": [1], "user_permissions": []}}, {"model": "auth.user", "pk": 40, "fields": {"password": "pbkdf2_sha256$390000$ElmFNIOOoijWyQWvEg4Slw$KjFkbRGKE8G3l89K/DUrg2wrmorGLzBbYAL0qwRyFy8=", "last_login": null, "is_superuser": false, "username": "Croxatto_Estefania", "first_name": "", "last_name": "", "email": "", "is_staff": false, "is_active": true, "date_joined": "2023-01-06T15:57:45.446Z", "groups": [1], "user_permissions": []}}, {"model": "alumnos.cursos", "pk": 1, "fields": {"año": "1", "division": "A"}}, {"model": "alumnos.cursos", "pk": 2, "fields": {"año": "1", "division": "B"}}, {"model": "alumnos.cursos", "pk": 3, "fields": {"año": "2", "division": "A"}}, {"model": "alumnos.cursos", "pk": 4, "fields": {"año": "2", "division": "B"}}, {"model": "alumnos.cursos", "pk": 5, "fields": {"año": "3", "division": "A"}}, {"model": "alumnos.cursos", "pk": 6, "fields": {"año": "3", "division": "B"}}, {"model": "alumnos.cursos", "pk": 7, "fields": {"año": "4", "division": "A"}}, {"model": "alumnos.cursos", "pk": 8, "fields": {"año": "4", "division": "B"}}, {"model": "alumnos.cursos", "pk": 9, "fields": {"año": "5", "division": "A"}}, {"model": "alumnos.cursos", "pk": 10, "fields": {"año": "5", "division": "B"}}, {"model": "alumnos.alumnos", "pk": 7, "fields": {"dni": 7632451, "nombre": "Pedro", "apellidos": "Bilardo", "fecha_nacimiento": "2004-12-04", "sexo": "M", "curso": 10, "imagen": "", "binario": null, "user": 2}}, {"model": "alumnos.alumnos", "pk": 23, "fields": {"dni": 4213232, "nombre": "Eduardo", "apellidos": "Mujillo", "fecha_nacimiento": "2022-12-30", "sexo": "M", "curso": 8, "imagen": "", "binario": null, "user": 11}}, {"model": "alumnos.alumnos", "pk": 24, "fields": {"dni": 1475236, "nombre": "Sebastian", "apellidos": "Morales", "fecha_nacimiento": "2022-12-30", "sexo": "X", "curso": 10, "imagen": "", "binario": null, "user": 12}}, {"model": "alumnos.alumnos", "pk": 26, "fields": {"dni": 7931642, "nombre": "Esteban", "apellidos": "Socoboche", "fecha_nacimiento": "2002-03-03", "sexo": "M", "curso": 9, "imagen": "", "binario": null, "user": 14}}, {"model": "alumnos.alumnos", "pk": 35, "fields": {"dni": 54546654, "nombre": "Fernando", "apellidos": "Ramadori", "fecha_nacimiento": "2023-01-04", "sexo": "M", "curso": 9, "imagen": "", "binario": null, "user": 23}}, {"model": "alumnos.alumnos", "pk": 36, "fields": {"dni": 745296, "nombre": "Fernanda", "apellidos": "Cohen", "fecha_nacimiento": "2005-11-03", "sexo": "F", "curso": 8, "imagen": "", "binario": null, "user": 24}}, {"model": "alumnos.alumnos", "pk": 39, "fields": {"dni": 654465654, "nombre": "mateo", "apellidos": "cid", "fecha_nacimiento": "2023-01-04", "sexo": "X", "curso": 7, "imagen": "", "binario": null, "user": 27}}, {"model": "alumnos.alumnos", "pk": 46, "fields": {"dni": 456456654, "nombre": "Lisandro", "apellidos": "Martinez", "fecha_nacimiento": "2023-01-05", "sexo": "X", "curso": 9, "imagen": "", "binario": null, "user": 34}}, {"model": "alumnos.alumnos", "pk": 48, "fields": {"dni": 46499657, "nombre": "Maximo", "apellidos": "Alvarez Arceci", "fecha_nacimiento": "2004-09-04", "sexo": "M", "curso": 10, "imagen": "", "binario": null, "user": 36}}, {"model": "alumnos.alumnos", "pk": 49, "fields": {"dni": 654654, "nombre": "mateo", "apellidos": "testt", "fecha_nacimiento": "2023-01-05", "sexo": "X", "curso": 10, "imagen": "", "binario": null, "user": 37}}, {"model": "alumnos.alumnos", "pk": 51, "fields": {"dni": 546456, "nombre": "manuelita", "apellidos": "Arceci", "fecha_nacimiento": "2023-01-06", "sexo": "F", "curso": 9, "imagen": "", "binario": null, "user": 39}}, {"model": "alumnos.alumnos", "pk": 52, "fields": {"dni": 456585, "nombre": "Estefania", "apellidos": "Croxatto", "fecha_nacimiento": "2023-01-06", "sexo": "F", "curso": 9, "imagen": "", "binario": null, "user": 40}}]